-- MySQL dump 10.13  Distrib 8.0.19, for macos10.15 (x86_64)
--
-- Host: 127.0.0.1    Database: FishBase
-- ------------------------------------------------------
-- Server version	8.0.19

/*!40101 SET @OLD_CHARACTER_SET_CLIENT=@@CHARACTER_SET_CLIENT */;
/*!40101 SET @OLD_CHARACTER_SET_RESULTS=@@CHARACTER_SET_RESULTS */;
/*!40101 SET @OLD_COLLATION_CONNECTION=@@COLLATION_CONNECTION */;
/*!50503 SET NAMES utf8 */;
/*!40103 SET @OLD_TIME_ZONE=@@TIME_ZONE */;
/*!40103 SET TIME_ZONE='+00:00' */;
/*!40014 SET @OLD_UNIQUE_CHECKS=@@UNIQUE_CHECKS, UNIQUE_CHECKS=0 */;
/*!40014 SET @OLD_FOREIGN_KEY_CHECKS=@@FOREIGN_KEY_CHECKS, FOREIGN_KEY_CHECKS=0 */;
/*!40101 SET @OLD_SQL_MODE=@@SQL_MODE, SQL_MODE='NO_AUTO_VALUE_ON_ZERO' */;
/*!40111 SET @OLD_SQL_NOTES=@@SQL_NOTES, SQL_NOTES=0 */;

--
-- Table structure for table `countries`
--

DROP TABLE IF EXISTS `countries`;
/*!40101 SET @saved_cs_client     = @@character_set_client */;
/*!50503 SET character_set_client = utf8mb4 */;
CREATE TABLE `countries` (
  `countryID` int NOT NULL,
  `regionID` int DEFAULT NULL,
  `countryName` varchar(120) DEFAULT NULL,
  PRIMARY KEY (`countryID`),
  KEY `regionID_idx` (`regionID`),
  CONSTRAINT `regionID` FOREIGN KEY (`regionID`) REFERENCES `regions` (`regionID`)
) ENGINE=InnoDB DEFAULT CHARSET=utf8mb4 COLLATE=utf8mb4_0900_ai_ci;
/*!40101 SET character_set_client = @saved_cs_client */;

--
-- Dumping data for table `countries`
--

LOCK TABLES `countries` WRITE;
/*!40000 ALTER TABLE `countries` DISABLE KEYS */;
INSERT INTO `countries` VALUES (0,4,'Algeria'),(1,4,'Angola'),(2,4,'Benin'),(3,4,'Botswana'),(4,4,'Burkina'),(5,4,'Burundi'),(6,4,'Cameroon'),(7,4,'Cape Verde'),(8,4,'Central African Republic'),(9,4,'Chad'),(10,4,'Comoros'),(11,4,'Congo'),(12,4,'Congo, Democratic Republic of'),(13,4,'Djibouti'),(14,4,'Egypt'),(15,4,'Equatorial Guinea'),(16,4,'Eritrea'),(17,4,'Ethiopia'),(18,4,'Gabon'),(19,4,'Gambia'),(20,4,'Ghana'),(21,4,'Guinea'),(22,4,'Guinea-Bissau'),(23,4,'Ivory Coast'),(24,4,'Kenya'),(25,4,'Lesotho'),(26,4,'Liberia'),(27,4,'Libya'),(28,4,'Madagascar'),(29,4,'Malawi'),(30,4,'Mali'),(31,4,'Mauritania'),(32,4,'Mauritius'),(33,4,'Morocco'),(34,4,'Mozambique'),(35,4,'Namibia'),(36,4,'Niger'),(37,4,'Nigeria'),(38,4,'Rwanda'),(39,4,'Sao Tome and Principe'),(40,4,'Senegal'),(41,4,'Seychelles'),(42,4,'Sierra Leone'),(43,4,'Somalia'),(44,4,'South Africa'),(45,4,'South Sudan'),(46,4,'Sudan'),(47,4,'Swaziland'),(48,4,'Tanzania'),(49,4,'Togo'),(50,4,'Tunisia'),(51,4,'Uganda'),(52,4,'Zambia'),(53,4,'Zimbabwe'),(54,2,'Afghanistan'),(55,2,'Bahrain'),(56,2,'Bangladesh'),(57,2,'Bhutan'),(58,2,'Brunei'),(59,2,'Burma (Myanmar)'),(60,2,'Cambodia'),(61,2,'China'),(62,2,'East Timor'),(63,2,'India'),(64,2,'Indonesia'),(65,2,'Iran'),(66,2,'Iraq'),(67,2,'Israel'),(68,2,'Japan'),(69,2,'Jordan'),(70,2,'Kazakhstan'),(71,2,'Korea, North'),(72,2,'Korea, South'),(73,2,'Kuwait'),(74,2,'Kyrgyzstan'),(75,2,'Laos'),(76,2,'Lebanon'),(77,2,'Malaysia'),(78,2,'Maldives'),(79,2,'Mongolia'),(80,2,'Nepal'),(81,2,'Oman'),(82,2,'Pakistan'),(83,2,'Philippines'),(84,2,'Qatar'),(85,2,'Russian Federation'),(86,2,'Saudi Arabia'),(87,2,'Singapore'),(88,2,'Sri Lanka'),(89,2,'Syria'),(90,2,'Tajikistan'),(91,2,'Thailand'),(92,2,'Turkey'),(93,2,'Turkmenistan'),(94,2,'United Arab Emirates'),(95,2,'Uzbekistan'),(96,2,'Vietnam'),(97,2,'Yemen'),(98,3,'Albania'),(99,3,'Andorra'),(100,3,'Armenia'),(101,3,'Austria'),(102,3,'Azerbaijan'),(103,3,'Belarus'),(104,3,'Belgium'),(105,3,'Bosnia and Herzegovina'),(106,3,'Bulgaria'),(107,3,'Croatia'),(108,3,'Cyprus'),(109,3,'Czech Republic'),(110,3,'Denmark'),(111,3,'Estonia'),(112,3,'Finland'),(113,3,'France'),(114,3,'Georgia'),(115,3,'Germany'),(116,3,'Greece'),(117,3,'Hungary'),(118,3,'Iceland'),(119,3,'Ireland'),(120,3,'Italy'),(121,3,'Latvia'),(122,3,'Liechtenstein'),(123,3,'Lithuania'),(124,3,'Luxembourg'),(125,3,'Macedonia'),(126,3,'Malta'),(127,3,'Moldova'),(128,3,'Monaco'),(129,3,'Montenegro'),(130,3,'Netherlands'),(131,3,'Norway'),(132,3,'Poland'),(133,3,'Portugal'),(134,3,'Romania'),(135,3,'San Marino'),(136,3,'Serbia'),(137,3,'Slovakia'),(138,3,'Slovenia'),(139,3,'Spain'),(140,3,'Sweden'),(141,3,'Switzerland'),(142,3,'Ukraine'),(143,3,'United Kingdom'),(144,3,'Vatican City'),(145,6,'Antigua and Barbuda'),(146,6,'Bahamas'),(147,6,'Barbados'),(148,6,'Belize'),(149,6,'Canada'),(150,6,'Costa Rica'),(151,6,'Cuba'),(152,6,'Dominica'),(153,6,'Dominican Republic'),(154,6,'El Salvador'),(155,6,'Grenada'),(156,6,'Guatemala'),(157,6,'Haiti'),(158,6,'Honduras'),(159,6,'Jamaica'),(160,6,'Mexico'),(161,6,'Nicaragua'),(162,6,'Panama'),(163,6,'Saint Kitts and Nevis'),(164,6,'Saint Lucia'),(165,6,'Saint Vincent and the Grenadines'),(166,6,'Trinidad and Tobago'),(167,6,'US'),(168,1,'Australia'),(169,1,'Fiji'),(170,1,'Kiribati'),(171,1,'Marshall Islands'),(172,1,'Micronesia'),(173,1,'Nauru'),(174,1,'New Zealand'),(175,1,'Palau'),(176,1,'Papua New Guinea'),(177,1,'Samoa'),(178,1,'Solomon Islands'),(179,1,'Tonga'),(180,1,'Tuvalu'),(181,1,'Vanuatu'),(182,5,'Argentina'),(183,5,'Bolivia'),(184,5,'Brazil'),(185,5,'Chile'),(186,5,'Colombia'),(187,5,'Ecuador'),(188,5,'Guyana'),(189,5,'Paraguay'),(190,5,'Peru'),(191,5,'Suriname'),(192,5,'Uruguay'),(193,5,'Venezuela'),(194,5,'French Guiana');
/*!40000 ALTER TABLE `countries` ENABLE KEYS */;
UNLOCK TABLES;

--
-- Table structure for table `Fish`
--

DROP TABLE IF EXISTS `Fish`;
/*!40101 SET @saved_cs_client     = @@character_set_client */;
/*!50503 SET character_set_client = utf8mb4 */;
CREATE TABLE `Fish` (
  `fishID` int NOT NULL,
  `sName` varchar(120) DEFAULT NULL,
  `cName` varchar(120) DEFAULT NULL,
  `maxSize` varchar(45) DEFAULT NULL,
  `tankSize` varchar(45) DEFAULT NULL,
  `temperature` varchar(45) DEFAULT NULL,
  `pH` varchar(45) DEFAULT NULL,
  `hardness` varchar(45) DEFAULT NULL,
  `regionID` int DEFAULT NULL,
  `picture` varchar(120) DEFAULT NULL,
  `link` varchar(120) DEFAULT NULL,
  PRIMARY KEY (`fishID`)
) ENGINE=InnoDB DEFAULT CHARSET=utf8mb4 COLLATE=utf8mb4_0900_ai_ci;
/*!40101 SET character_set_client = @saved_cs_client */;

--
-- Dumping data for table `Fish`
--

LOCK TABLES `Fish` WRITE;
/*!40000 ALTER TABLE `Fish` DISABLE KEYS */;
INSERT INTO `Fish` VALUES (0,'Hyphessobrycon melanostichos','Black Stripe Tetra','2.5 cm','14 gallons','23°C–28°C','5.5–[-max]','0ppm–179ppm',5,'https://www.seriouslyfish.com/wp-content/uploads/2021/01/MG_3733-scaled.jpg','https://www.seriouslyfish.com/species/hyphessobrycon-melanostichos/'),(1,'Pygocentrus cariba','Black Spot Piranha','350 mm','342 gallons',NULL,NULL,NULL,5,'https://www.seriouslyfish.com/wp-content/uploads/2015/09/Pygocentrus-cariba-maybe.jpg','https://www.seriouslyfish.com/species/pygocentrus-cariba/'),(2,'Carnegiella myersi','Pygmy Hatchetfish','25 mm','20 x 12 surface area','23–26°C','4.0–7.0','18–108ppm',5,'https://www.seriouslyfish.com/wp-content/uploads/2015/01/Carnegiella-myersi-RB.jpg','https://www.seriouslyfish.com/species/carnegiella-myersi/'),(3,'Hyphessobrycon compressus','Mayan Tetra','45 mm',NULL,NULL,NULL,NULL,6,'https://www.seriouslyfish.com/wp-content/uploads/2013/09/Hyphessobrycon_compressus_E-MEX_12-09_pic05_400px.jpg','https://www.seriouslyfish.com/species/hyphessobrycon-compressus/'),(4,'Iguanodectes variatus','','103 mm',NULL,NULL,NULL,NULL,5,'https://www.seriouslyfish.com/wp-content/uploads/2014/01/Iguanodectes-variatus-Leandro-Sousa.jpg','https://www.seriouslyfish.com/species/iguanodectes-variatus/'),(5,'Iguanodectes spilurus','Green Line Lizard Tetra','101.5 mm','47 x 18 surface area',NULL,NULL,NULL,5,'https://www.seriouslyfish.com/wp-content/uploads/2014/01/Iguanodectes-spilurus-...-Green-line-lizard-tetra.jpg','https://www.seriouslyfish.com/species/iguanodectes-spilurus/'),(6,'Iguanodectes adujai','','62 mm','35 x 12 surface area',NULL,NULL,NULL,5,'https://www.seriouslyfish.com/wp-content/uploads/2014/01/Iguanodectes-geisleri-NW.jpg','https://www.seriouslyfish.com/species/iguanodectes-adujai/'),(7,'iwana déktés','','55 mm','47 x 12 surface area',NULL,NULL,NULL,5,'https://www.seriouslyfish.com/wp-content/uploads/2014/01/Iguanodectes-geisleri-rio-Aripuana-middle-Madeira-basin.jpg','https://www.seriouslyfish.com/species/iguanodectes-geisleri/'),(8,'Acnodon normani','Sheep Pacu','135 mm','59 x 18 surface area',NULL,NULL,NULL,5,'https://www.seriouslyfish.com/wp-content/uploads/2013/12/Acnodon-normani-ER.jpg','https://www.seriouslyfish.com/species/acnodon-normani/'),(9,'Hyphessobrycon Brycon','',NULL,NULL,NULL,NULL,NULL,5,'https://www.seriouslyfish.com/wp-content/uploads/2015/01/Hyphessobrycon-eschwartzae-2013.jpg','https://www.seriouslyfish.com/species/hyphessobrycon-eschwartzae/'),(10,'Hyphessobrycon brumado','','31.6 mm',NULL,NULL,NULL,NULL,5,'https://www.seriouslyfish.com/wp-content/uploads/2014/02/Hyphessobrycon-brumado-holotype.jpg','https://www.seriouslyfish.com/species/hyphessobrycon-brumado/'),(11,'Hyphessobrycon borealis','','27.8 mm',NULL,NULL,NULL,NULL,5,'https://www.seriouslyfish.com/wp-content/uploads/2014/02/Hyphessobrycon-borealis-Zarske-et-al..jpg','https://www.seriouslyfish.com/species/hyphessobrycon-borealis/'),(12,'Hyphessobrycon auca','','55 mm',NULL,NULL,NULL,NULL,5,'https://www.seriouslyfish.com/wp-content/uploads/2013/09/Hyphessobrycon-auca.jpg','https://www.seriouslyfish.com/species/hyphessobrycon-auca/'),(13,'Hyphessobrycon agulha','','42 mm','31 x 12 surface area',NULL,NULL,NULL,5,'https://www.seriouslyfish.com/wp-content/uploads/2013/09/Hyphessobrycon-cf.-agulha.jpg','https://www.seriouslyfish.com/species/hyphessobrycon-agulha/'),(14,'Hyphessobrycon acaciae','','30 mm',NULL,NULL,NULL,NULL,5,'https://www.seriouslyfish.com/wp-content/uploads/2013/09/Hyphessobrycon-acaciae.jpg','https://www.seriouslyfish.com/species/hyphessobrycon-acaciae/'),(15,'Hyphessobrycon balbus','','50 mm',NULL,NULL,NULL,NULL,5,'https://www.seriouslyfish.com/wp-content/uploads/2013/09/Hyphessobrycon-balbus-©-Pedro-De-Podestà.jpg','https://www.seriouslyfish.com/species/hyphessobrycon-balbus/'),(16,'Hyphessobrycon amapaensis','Amapá Tetra','30 mm','24 x 12 surface area',NULL,NULL,NULL,5,'https://www.seriouslyfish.com/wp-content/uploads/2013/09/Hyphessobrycon-amapaiensis.jpg','https://www.seriouslyfish.com/species/hyphessobrycon-amapaensis/'),(17,'Phenacogaster tegatus','','45 mm','24 x 12 surface area',NULL,NULL,NULL,5,'https://www.seriouslyfish.com/wp-content/uploads/2013/07/Phenacogaster_tegatus-Graham-Ramsay.jpg','https://www.seriouslyfish.com/species/phenacogaster-tegatus/'),(18,'Carnegiella marthae','Blackwing Hatchetfish','28.1 mm','24 x 12 surface area',NULL,NULL,NULL,5,'https://www.seriouslyfish.com/wp-content/uploads/2015/01/Carnegiella-marthae-HH.jpg','https://www.seriouslyfish.com/species/carnegiella-marthae/'),(19,'Copella carsevennensis','','40 mm','30 x 12 surface area',NULL,NULL,NULL,5,'https://www.seriouslyfish.com/wp-content/uploads/2013/04/Copella-carsevenensis-AZ.jpg','https://www.seriouslyfish.com/species/copella-carsevennensis/'),(20,'Alestopetersius','','60 mm','47 x 12 surface area','22–26°C','5.0–7.0','18–179ppm',4,'https://www.seriouslyfish.com/wp-content/uploads/2013/03/Alestopetersius-sp.-1-Taoyeah.jpg','https://www.seriouslyfish.com/species/alestopetersius-sp-1/'),(21,'Boulengerella lucius','','420 mm',NULL,NULL,NULL,NULL,5,'https://www.seriouslyfish.com/wp-content/uploads/2013/03/Boulengerella-maculata-HH-1.jpg','https://www.seriouslyfish.com/species/boulengerella-lucius/'),(22,'Boulengerella maculata','','329 mm','94 x 35 surface area',NULL,NULL,NULL,5,'https://www.seriouslyfish.com/wp-content/uploads/2013/03/Boulengerella-maculata-ER-1.jpg','https://www.seriouslyfish.com/species/boulengerella-maculata/'),(23,'Boulengerella lateristriga','Striped Pike \'Characin\'','258 mm','94 x 35 surface area',NULL,NULL,NULL,5,'https://www.seriouslyfish.com/wp-content/uploads/2013/03/boulengerella-lateristriga.jpg','https://www.seriouslyfish.com/species/boulengerella-lateristriga/'),(24,'Boulengerella cuvieri','','675 mm',NULL,NULL,NULL,NULL,5,'https://www.seriouslyfish.com/wp-content/uploads/2013/03/Boulengerella-cuvieri-KR-1.jpg','https://www.seriouslyfish.com/species/boulengerella-cuvieri/'),(25,'Alestopetersius brichardi','','80 mm','47 x 12 surface area','20–28°C','5.0–7.0','18–179ppm',4,'https://www.seriouslyfish.com/wp-content/uploads/2013/03/Alestopetersius-brichardi.jpg','https://www.seriouslyfish.com/species/alestopetersius-brichardi/'),(26,'Alestopetersius smykalai','','60 mm','47 x 12 surface area','20–28°C','5.0–7.0','18–179ppm',4,'https://www.seriouslyfish.com/wp-content/uploads/2013/03/Alestopetersius-smykalai-Mick-1.jpg','https://www.seriouslyfish.com/species/alestopetersius-smykalai/'),(27,'Cynodon gibbus','','280 mm','83 x 30 surface area',NULL,NULL,NULL,5,'https://www.seriouslyfish.com/wp-content/uploads/2013/03/Cynodon-gibbus-ER-3.jpg','https://www.seriouslyfish.com/species/cynodon-gibbus/'),(28,'Hydrolycus tatauaia','','455 mm',NULL,NULL,NULL,NULL,5,'https://www.seriouslyfish.com/wp-content/uploads/2013/03/Hydrolycus-tatauaia.jpg','https://www.seriouslyfish.com/species/hydrolycus-tatauaia/'),(29,'Hydrolycus armatus','Payara','660 mm',NULL,NULL,NULL,NULL,5,'https://www.seriouslyfish.com/wp-content/uploads/2013/03/hydrolycus-armatus.jpg','https://www.seriouslyfish.com/species/hydrolycus-armatus/'),(30,'Axelrodia stigmatias','','20 mm','24 x 12 surface area',NULL,NULL,NULL,5,'https://www.seriouslyfish.com/wp-content/uploads/2013/03/Axelrodia-stigmatias-RK-1.jpg','https://www.seriouslyfish.com/species/axelrodia-stigmatias/'),(31,'Axelrodia riesei','Ruby Tetra','20 mm','24 x 12 surface area',NULL,NULL,NULL,5,'https://www.seriouslyfish.com/wp-content/uploads/2013/03/Axelrodia-riesei-HW-2.jpg','https://www.seriouslyfish.com/species/axelrodi-riesei/'),(32,'Trochilocharax ornatus','Hummingbird Tetra','17.0 mm','18 x 12 surface area',NULL,NULL,NULL,5,'https://www.seriouslyfish.com/wp-content/uploads/2013/03/Trochilocharax-ornatus-1.jpg','https://www.seriouslyfish.com/species/trochilocharax-ornatus/'),(33,'Tucanoichthys tucano','','17 mm','18 x 12 surface area',NULL,NULL,NULL,5,'https://www.seriouslyfish.com/wp-content/uploads/2013/03/Tucanoichthys-tucano-1.jpg','https://www.seriouslyfish.com/species/tucanoichthys-tucano/'),(34,'Copella eigenmanni','','45.2 mm','31 x 12 surface area',NULL,NULL,NULL,5,'https://www.seriouslyfish.com/wp-content/uploads/2013/03/Copella-metae-VF-060412.jpg','https://www.seriouslyfish.com/species/copella-eigenmanni/'),(35,'Copella callolepis','','41.5 mm','24 x 12 surface area',NULL,NULL,NULL,5,'https://www.seriouslyfish.com/wp-content/uploads/2013/03/Copella-nattereri-VF.jpg','https://www.seriouslyfish.com/species/copella-callolepis/'),(36,'Copella meinkeni','Spotted Splashing Tetra','45.2 mm','24 x 12 surface area',NULL,NULL,NULL,5,'https://www.seriouslyfish.com/wp-content/uploads/2013/03/Copella-meinkeni-male-ER.jpg','https://www.seriouslyfish.com/species/copella-meinkeni/'),(37,'Copella nattereri','','45 mm','24 x 12 surface area',NULL,NULL,NULL,5,'https://www.seriouslyfish.com/wp-content/uploads/2013/03/Copella-nattereri.jpg','https://www.seriouslyfish.com/species/copella-nattereri/'),(38,'Synaptolaemus latofasciatus','','110 mm','47 x 18 surface area',NULL,NULL,NULL,5,'https://www.seriouslyfish.com/wp-content/uploads/2013/03/Synaptolaemus-latofasciatus-Leandro-Sousa-1-rio-teles-pires.jpg','https://www.seriouslyfish.com/species/synaptolaemus-latofasciatus/'),(39,'Copeina guttata','Red-spotted Tetra','76 mm','47 x 12 surface area',NULL,NULL,NULL,5,'https://www.seriouslyfish.com/wp-content/uploads/2013/03/copeina_guttata.jpg','https://www.seriouslyfish.com/species/copeina-guttata/'),(40,'Leporinus friderici','Threespot Leporinus','400 mm','94 x 35 surface area',NULL,NULL,NULL,6,'https://www.seriouslyfish.com/wp-content/uploads/2013/03/Leporinus-friderici-Carla-Polaz.jpg','https://www.seriouslyfish.com/species/leporinus-friderici/'),(41,'Leporinus copelandii','','200 mm','71 x 24 surface area',NULL,NULL,NULL,5,'https://www.seriouslyfish.com/wp-content/uploads/2013/02/Leporinus-copelandi.jpg','https://www.seriouslyfish.com/species/leporinus-copelandii/'),(42,'Leporinus brunneus','','256 mm','83 x 24 surface area',NULL,NULL,NULL,5,'https://www.seriouslyfish.com/wp-content/uploads/2013/02/Leporinus-brunneus-Flávio-Lima.jpg','https://www.seriouslyfish.com/species/leporinus-brunneus/'),(43,'Leporinus arcus','Lipstick Leporinus','300 mm','83 x 24 surface area',NULL,NULL,NULL,5,'https://www.seriouslyfish.com/wp-content/uploads/2013/02/Leporinus-arcus.jpg','https://www.seriouslyfish.com/species/leporinus-arcus/'),(44,'Leporellus vittatus','','300 mm','83 x 24 surface area',NULL,NULL,NULL,5,'https://www.seriouslyfish.com/wp-content/uploads/2013/02/Leporellus-vittatus-leandro-Sousa-1.jpg','https://www.seriouslyfish.com/species/leporellus-vittatus/'),(45,'Nannostomus rubrocaudatus','Purple Pencilfish','30 mm','35 x 12 surface area',NULL,NULL,NULL,3,'https://www.seriouslyfish.com/wp-content/uploads/2012/10/Nannostomus-rubrocaudatus-RK.jpg','https://www.seriouslyfish.com/species/nannostomus-rubrocaudatus/'),(46,'Nannostomus nitidus','Shining Pencilfish','35 mm','24 x 12 surface area',NULL,NULL,NULL,5,'https://www.seriouslyfish.com/wp-content/uploads/2012/10/Nannostomus-nitidus.jpg','https://www.seriouslyfish.com/species/nannostomus-nitidus/'),(47,'Nannostomus minimus','Least Pencilfish','23 mm','18 x 12 surface area',NULL,NULL,NULL,5,'https://www.seriouslyfish.com/wp-content/uploads/2012/10/Nannostomus-minimus-2.jpg','https://www.seriouslyfish.com/species/nannostomus-minimus/'),(48,'Nannostomus marilynae','Greenstripe Pencilfish','35 mm','24 x 12 surface area',NULL,NULL,NULL,5,'https://www.seriouslyfish.com/wp-content/uploads/2012/10/Nannostomus-marilynae.jpg','https://www.seriouslyfish.com/species/nannostomus-marilynae/'),(49,'Nannostomus grandis','','46.2 mm','24 x 12 surface area',NULL,NULL,NULL,3,'https://www.seriouslyfish.com/wp-content/uploads/2012/10/Nannostomus-grandis-D.-Bork.jpg','https://www.seriouslyfish.com/species/nannostomus-grandis/'),(50,'Nannostomus espei','Barred Pencilfish','30 mm','24 x 12 surface area',NULL,NULL,NULL,5,'https://www.seriouslyfish.com/wp-content/uploads/2012/10/Nannostomus-espei.jpg','https://www.seriouslyfish.com/species/nannostomus-espei/'),(51,'Nannostomus digrammus','Twostripe Pencilfish','30 mm','18 x 12 surface area',NULL,NULL,NULL,5,'https://www.seriouslyfish.com/wp-content/uploads/2012/10/Nannostomus-digrammus-1.jpg','https://www.seriouslyfish.com/species/nannostomus-digrammus/'),(52,'Nannostomus anduzei','','16 mm','18 x 12 surface area',NULL,NULL,NULL,5,'https://www.seriouslyfish.com/wp-content/uploads/2012/10/Nannostomus-anduzei1.jpg','https://www.seriouslyfish.com/species/nannostomus-anduzei/'),(53,'Acestrorhynchus isalineae','','105 mm','47 x 18 surface area',NULL,NULL,NULL,5,'https://www.seriouslyfish.com/wp-content/uploads/2012/03/Acestrorhynchus-isalinae.jpg','https://www.seriouslyfish.com/species/acestrorhynchus-isalineae/'),(54,'Acestrorhynchus falcirostris','','350 mm','98 x 35 surface area','22–28°C','6.0–7.5','18–215ppm',5,'https://www.seriouslyfish.com/wp-content/uploads/2012/03/Acestrorhynchus-falcirostris-1.jpg','https://www.seriouslyfish.com/species/acestrorhynchus-falcirostris/'),(55,'Acestrorhynchus microlepis','','260 mm','98 x 35 surface area',NULL,NULL,NULL,5,'https://www.seriouslyfish.com/wp-content/uploads/2012/03/Acestrorhynchus-microlepis-1-Enrico.jpg','https://www.seriouslyfish.com/species/acestrorhynchus-microlepis/'),(56,'Acestrorhynchus pantaneiro','','240 mm','98 x 35 surface area',NULL,NULL,NULL,5,'https://www.seriouslyfish.com/wp-content/uploads/2012/03/Acestrorhynchos-pantaneiro-female.jpg','https://www.seriouslyfish.com/species/acestrorhynchus-pantaneiro/'),(57,'Acestrorhynchus altus','','233 mm','98 x 35 surface area','22–28°C','6.0–7.5','18–215ppm',5,'https://www.seriouslyfish.com/wp-content/uploads/2012/03/Acestrorhynchus-altus.jpg','https://www.seriouslyfish.com/species/acestrorhynchus-altus/'),(58,'Nannostomus mortenthaleri','Coral Red Pencilfish','30 mm','35 x 12 surface area',NULL,NULL,NULL,5,'https://www.seriouslyfish.com/wp-content/uploads/2012/10/Nannostomus-mortenthaleri-2.jpg','https://www.seriouslyfish.com/species/nannostomus-mortenthaleri/'),(59,'Nannostomus unifasciatus','One-lined Pencilfish','40 mm','30 x 12 surface area',NULL,NULL,NULL,6,'https://www.seriouslyfish.com/wp-content/uploads/2012/10/Nannostomus-unifasciatus.jpg','https://www.seriouslyfish.com/species/nannostomus-unifasciatus/'),(60,'Copella arnoldi','Splash Tetra','55 mm','35 x 12 surface area',NULL,NULL,NULL,5,'https://www.seriouslyfish.com/wp-content/uploads/2013/03/Copella-cf.-eigenmanni.png','https://www.seriouslyfish.com/species/copella-arnoldi/'),(61,'sternicla Gasteropelecus','Common Hatchetfish, Silver Hatchetfish','40 mm','47 x 12 surface area','20–28°C','5.0–7.5','18–215ppm',5,'https://www.seriouslyfish.com/wp-content/uploads/2015/02/Gasteropelecus-sternicla-KR.jpg','https://www.seriouslyfish.com/species/gasteropelecus-sternicla/'),(62,'Gastropelecus stellatus ','Spotfin Hatchetfish','70 mm','47 x 18 surface area',NULL,NULL,NULL,5,'https://www.seriouslyfish.com/wp-content/uploads/2015/01/Thoracocharax-stellatus-Brian-Gratwicke.jpg','https://www.seriouslyfish.com/species/thoracocharax-stellatus/'),(63,'Carnegiella strigata','Marbled Hatchetfish','35 mm','30 x 12 surface area',NULL,NULL,NULL,5,'https://www.seriouslyfish.com/wp-content/uploads/2013/05/Carnegiella-strigata-Hak-H.jpg','https://www.seriouslyfish.com/species/carnegiella-strigata/'),(64,'Pterodiscus levis Gasteropelecus','Silver Hatchetfish','35 mm','31 x 12 surface area','20–28°C','5.0–7.5','18–215ppm',5,'https://www.seriouslyfish.com/wp-content/uploads/2012/03/Gasteropelecus-levis.jpg','https://www.seriouslyfish.com/species/gasteropelecus-levis/'),(65,'Hydrolycus scomberoides','Vampire Tetra','300 mm','83 x 30 surface area',NULL,NULL,NULL,5,'https://www.seriouslyfish.com/wp-content/uploads/2013/03/hydrolycus-scromberoides-2.jpg','https://www.seriouslyfish.com/species/hydrolycus-scomberoides/'),(66,'Rhaphiodon vulpinus','Biara','800 mm',NULL,NULL,NULL,NULL,5,'https://www.seriouslyfish.com/wp-content/uploads/2013/03/Rhaphiodon-vulpinus-ER-1.jpg','https://www.seriouslyfish.com/species/rhaphiodon-vulpinus/'),(67,'Crenuchus spilurus','Sailfin Characin','55 mm','30 x 12 surface area',NULL,NULL,NULL,5,'https://www.seriouslyfish.com/wp-content/uploads/2013/03/Crenuchus-spilurus-Andreas-Werth.jpg','https://www.seriouslyfish.com/species/crenuchus-spilurus/'),(68,'Ctenolucius hujeta','Gar \'Characin\'','250 mm','71 x 24 surface area',NULL,NULL,NULL,5,'https://www.seriouslyfish.com/wp-content/uploads/2013/03/Ctenolucius-Hujeta.jpg','https://www.seriouslyfish.com/species/ctenolucius-hujeta/'),(69,'Poecilocharax weitzmani','Black Darter Tetra','50 mm',NULL,NULL,NULL,NULL,5,'https://www.seriouslyfish.com/wp-content/uploads/2012/03/Poecilocharax-weitzmani.jpg','https://www.seriouslyfish.com/species/poecilocharax-weitzmani/'),(70,'Hyphessobrycon pyrrhonotus','Flame-back Bleeding Heart Tetra','45 mm','30 x 12 surface area',NULL,NULL,NULL,5,'https://www.seriouslyfish.com/wp-content/uploads/2013/01/rsz_hyphessobrycon_pyrrhonotus.jpg','https://www.seriouslyfish.com/species/hyphessobrycon-pyrrhonotus/'),(71,'Hyphessobrycon peruvianus','Peruvian Tetra','40 mm','24 x 12 surface area',NULL,NULL,NULL,5,'https://www.seriouslyfish.com/wp-content/uploads/2013/03/Hyphessobrycon-peruvianus-JP.jpg','https://www.seriouslyfish.com/species/hyphessobrycon-peruvianus/'),(72,'Acestrorhynchus falcatus','Red-tailed Freshwater Barracuda','275 mm','98 x 35 surface area','22–28°C','6.0–7.5','18–215ppm',5,'https://www.seriouslyfish.com/wp-content/uploads/2013/03/Acestrorhynchus-falcatus-ER-1.jpg','https://www.seriouslyfish.com/species/acestrorhynchus-falcatus/'),(73,'Nannostomus trifasciatus','Three-lined Pencilfish','33 mm','30 x 12 surface area',NULL,NULL,NULL,5,'https://www.seriouslyfish.com/wp-content/uploads/2012/03/Nannostomus-trifasciatus.jpg','https://www.seriouslyfish.com/species/nannostomus-trifasciatus/'),(74,'Nannostomus harrisoni','Blackstripe Pencilfish','45 mm','24 x 12 surface area',NULL,NULL,NULL,5,'https://www.seriouslyfish.com/wp-content/uploads/2012/10/Nannostomus-harrisoni-1.jpg','https://www.seriouslyfish.com/species/nannostomus-harrisoni/'),(75,'Nannostomus marginatus','Dwarf Pencilfish','25 mm','18 x 12 surface area',NULL,NULL,NULL,5,'https://www.seriouslyfish.com/wp-content/uploads/2012/10/Nannostomus-marginatus-1-HW.jpg','https://www.seriouslyfish.com/species/nannostomus-marginatus/'),(76,'Nannostomus eques','Hockeystick Pencilfish','35 mm','24 x 12 surface area',NULL,NULL,NULL,5,'https://www.seriouslyfish.com/wp-content/uploads/2012/11/Nannostomus-eques-Sascha-Biedermann.jpg','https://www.seriouslyfish.com/species/nannostomus-eques/'),(77,'Nannostomus beckfordi','Golden Pencilfish','35 mm','18 x 12 surface area',NULL,NULL,NULL,5,'https://www.seriouslyfish.com/wp-content/uploads/2012/10/Nannostomus-beckfordi.jpg','https://www.seriouslyfish.com/species/nannostomus-beckfordi/'),(78,'Brachychalcinus orbicularis','Discus Tetra','90 mm','47 x 12 surface area',NULL,NULL,NULL,5,'https://www.seriouslyfish.com/wp-content/uploads/2012/03/brachychalcinus_orbicularis_1.jpg','https://www.seriouslyfish.com/species/brachychalcinus-orbicularis/'),(79,'Astyanax kennedyi','Kennedy\'s Tetra','50 mm','31 x 12 surface area','26–29°Cif(yof__z_fd_osiion!=\'ndfind\'){__z_fd_','5.5–7.0','18–215ppm',5,'https://www.seriouslyfish.com/wp-content/uploads/2012/03/astyanax_kennedyi_1.jpg','https://www.seriouslyfish.com/species/astyanax-kennedyi/'),(80,'Astyanax kennedyi','Kennedy\'s Tetra','50 mm','31 x 12 surface area','26–29°Cif(yof__z_fd_osiion!=\'ndfind\'){__z_fd_','5.5–7.0','18–215ppm',5,'https://www.seriouslyfish.com/wp-content/uploads/2012/03/astyanax_kennedyi_1.jpg','https://www.seriouslyfish.com/species/astyanax-kennedyi/'),(81,'Astyanax mexicanus','Blind Cave Tetra','95 mm','31 x 12 surface area','\n20–25°Cif(yof__z_fd_osiion!=\'ndfind\'){__z_fd','6.5–8.0','90–447ppm',6,'https://www.seriouslyfish.com/wp-content/uploads/2012/04/Astyanax-mexicanus-blind-HJ-Chen.jpg','https://www.seriouslyfish.com/species/astyanax-mexicanus/'),(82,'Astyanax bimaculatus','Two Spot Astyanax','150 mm','47 x 24 surface area','20–28°C','5.5–7.5','36–357ppm',6,'https://www.seriouslyfish.com/wp-content/uploads/2012/03/astyanax_bimaculatus_1.jpg','https://www.seriouslyfish.com/species/astyanax-bimaculatus/'),(83,'Aphyocharax nattereri','Dawn Tetra','35 mm','24 x 12 surface area','22–27°C','5.5–7.5','18–268ppm',5,'https://www.seriouslyfish.com/wp-content/uploads/2012/03/Aphyocharax-paraguayensis.jpg','https://www.seriouslyfish.com/species/aphyocharax-paraguayensis/'),(84,'Aphyocharax rathbuni','Redflank Bloodfin','45 mm','24 x 12 surface area','20–26°Cif(yof__z_fd_osiion!=\'ndfind\'){__z_fd_','6.5–7.5','36–357ppm',5,'https://www.seriouslyfish.com/wp-content/uploads/2012/03/Aphyocharax_rathbuni_2.jpg','https://www.seriouslyfish.com/species/aphyocharax-rathbuni/'),(85,'Aphyocharax anisitsi','Bloodfin Tetra','55 mm','24 x 12 surface area','18–28°C','6.0–8.0','54–447ppm',5,'https://www.seriouslyfish.com/wp-content/uploads/2012/03/Aphyocharax-anisiti-ft-S02710-3.jpg','https://www.seriouslyfish.com/species/aphyocharax-anisitsi/'),(86,'Hyphessobrycon vilmae','','30 mm','24 x 12 surface area',NULL,NULL,NULL,5,'https://www.seriouslyfish.com/wp-content/uploads/2015/01/Hyphessobrycon-vilmae-FD-1.jpg','https://www.seriouslyfish.com/species/hyphessobrycon-vilmae/'),(87,'Hyphessobrycon Brycon','Savanna Tetra','35 mm','24 x 12 surface area',NULL,NULL,NULL,5,'https://www.seriouslyfish.com/wp-content/uploads/2015/01/Hyphessobrycon-stegemanni-DN.jpg','https://www.seriouslyfish.com/species/hyphessobrycon-stegemanni/'),(88,'Hyphessobrycon Brycon','Loreto Tetra','25 mm','24 x 12 surface area',NULL,NULL,NULL,5,'https://www.seriouslyfish.com/wp-content/uploads/2015/01/Hyphessobrycon-loretoensis-UM.jpg','https://www.seriouslyfish.com/species/hyphessobrycon-loretoensis/'),(89,'Hemigrammus haraldschultzi Hyphessobrycon','Crystal Red Tetra','25 mm','24 x 12 surface area',NULL,NULL,NULL,5,'https://www.seriouslyfish.com/wp-content/uploads/2013/09/Hyphessobrycon-haraldschultzi.jpg','https://www.seriouslyfish.com/species/hyphessobrycon-haraldschultzi/'),(90,'Hemigrammus anisitsi Hemigrammus caudovittatus','Buenos Aires Tetra','60 mm','35 x 12 surface area',NULL,NULL,NULL,5,'https://www.seriouslyfish.com/wp-content/uploads/2013/09/buenos-aires-tetra3.jpg','https://www.seriouslyfish.com/species/hyphessobrycon-anisitsi/'),(91,'Hyphessobrycon bifasciatus','Yellow Tetra','45 mm',NULL,NULL,NULL,NULL,5,'https://www.seriouslyfish.com/wp-content/uploads/2013/07/Hyphessobrycon-bifasciatus.jpg','https://www.seriouslyfish.com/species/hyphessobrycon-bifasciatus/'),(92,'Pseudopristella simulata Hyphessobrycon','False X-ray Tetra','35 mm','31 x 12 surface area',NULL,NULL,NULL,5,'https://www.seriouslyfish.com/wp-content/uploads/2015/01/Hyphessobrycon-simulatus.jpg','https://www.seriouslyfish.com/species/hyphessobrycon-simulatus/'),(93,'Pristella maxillaris','X-ray Tetra','45 mm','24 x 12 surface area',NULL,'6.0to7.5','Aittulwtubjcttoulflooig,thmoutofiolvmilcfluct',5,'https://www.seriouslyfish.com/wp-content/uploads/2012/03/Pristella-maxillaris-gold-albino-form.jpg','https://www.seriouslyfish.com/species/pristella-maxillaris/'),(94,'Paracheirodon simulans','Green Neon Tetra','25 mm','18 x 12 surface area',NULL,NULL,NULL,5,'https://www.seriouslyfish.com/wp-content/uploads/2013/04/Paracheirodon-simulans-01.jpg','https://www.seriouslyfish.com/species/paracheirodon-simulans/'),(95,'lacortei N. lacortei','Rainbow Tetra','36.0 mm','29 gallons',NULL,NULL,NULL,5,'https://www.seriouslyfish.com/wp-content/uploads/2013/11/Nematobrycon-lacortei-311365.jpg','https://www.seriouslyfish.com/species/nematobrycon-lacortei/'),(96,'Nematobrycon palmeri','Emperor Tetra','42 mm','35 x 12 surface area',NULL,NULL,NULL,5,'https://www.seriouslyfish.com/wp-content/uploads/2012/03/Nematobrycon-palmeri-male.jpg','https://www.seriouslyfish.com/species/nematobrycon-palmeri/'),(97,'Megalamphodus roseus Hyphessobrycon','Yellow Phantom Tetra','20 mm','24 x 12 surface area',NULL,NULL,NULL,5,'https://www.seriouslyfish.com/wp-content/uploads/2012/03/Hyphessobrycon-roseus-(Megalamphodus)-Var.-I.-S50035_2.jpg','https://www.seriouslyfish.com/species/hyphessobrycon-roseus/'),(98,'Megalamphodus sweglesi Hyphessobrycon','Red Phantom Tetra','35 mm','31 x 12 surface area',NULL,NULL,NULL,5,'https://www.seriouslyfish.com/wp-content/uploads/2015/01/Hyphessobrycon-sweglesi-2.jpg','https://www.seriouslyfish.com/species/hyphessobrycon-sweglesi/'),(99,'Megalamphodus Hyphessobrycon','Black Phantom Tetra','36 mm','31 x 12 surface area',NULL,NULL,NULL,5,'https://www.seriouslyfish.com/wp-content/uploads/2015/01/Hyphessobrycon-megalopterus-e1421582857672.jpg','https://www.seriouslyfish.com/species/hyphessobrycon-megalopterus/'),(100,'Tetragonopterus heterorhabdus Hyphessobrycon','Flag Tetra','35 mm','31 x 12 surface area',NULL,NULL,NULL,5,'https://www.seriouslyfish.com/wp-content/uploads/2015/01/Hyphessobrycon-heterorhabdus-1.jpg','https://www.seriouslyfish.com/species/hyphessobrycon-heterorhabdus/'),(101,'Hyphessobrycon Brycon','Purple Tetra','40 mm','31 x 12 surface area',NULL,NULL,NULL,5,'','https://www.seriouslyfish.com/species/hyphessobrycon-metae/'),(102,'Hyphessobrycon Brycon','Lemon Tetra','40 mm','31 x 12 surface area',NULL,NULL,NULL,5,'https://www.seriouslyfish.com/wp-content/uploads/2015/01/Hyphessobrycon-pulchripinnis-250512.jpg','https://www.seriouslyfish.com/species/hyphessobrycon-pulchripinnis/'),(103,'Hyphessobrycon Brycon','Black Neon Tetra','35 mm','31 x 12 surface area',NULL,NULL,NULL,5,'https://www.seriouslyfish.com/wp-content/uploads/2015/01/Hyphessobrycon-herbertaxelrodi1.jpg','https://www.seriouslyfish.com/species/hyphessobrycon-herbertaxelrodi/'),(104,'Hyphessobrycon socolofi','Lesser Bleeding Heart Tetra','56 mm','35 x 12 surface area',NULL,NULL,NULL,5,'https://www.seriouslyfish.com/wp-content/uploads/2013/01/Hyphessobrycon-socolofi-KR-3.jpg','https://www.seriouslyfish.com/species/hyphessobrycon-socolofi/'),(105,'Hyphessobrycon Brycon','Flame Tetra','25 mm','24 x 12 surface area',NULL,NULL,NULL,5,'https://www.seriouslyfish.com/wp-content/uploads/2015/01/Hyphessobrycon-flammeus-2.jpg','https://www.seriouslyfish.com/species/hyphessobrycon-flammeus/'),(106,'Hyphessobrycon erythrostigma','Bleeding Heart Tetra','60 mm','35 x 12 surface area',NULL,NULL,NULL,5,'https://www.seriouslyfish.com/wp-content/uploads/2013/01/Hyphessobrycon-ertyhrostigma.jpg','https://www.seriouslyfish.com/species/hyphessobrycon-erythrostigma/'),(107,'Hyphessobrycon Hyphessobrycon','Ornate Tetra','45 mm','35 x 12 surface area',NULL,NULL,NULL,5,NULL,'https://www.seriouslyfish.com/species/hyphessobrycon-bentosi/'),(108,'Hyphessobryconrosaceus','Rosy Tetra',NULL,NULL,'75-82°F(24-28°C)','5.5-7.5.Althoughitwillsurviveinslightlyalkali','1-12°',5,'https://www.seriouslyfish.com/wp-content/uploads/2012/03/Hyphessobrycon-rosaceus-female.jpg','https://www.seriouslyfish.com/species/hyphessobrycon-rosaceus/'),(109,'Chirodon eques Cheirodon eques','Serpae Tetra','40 mm','31 x 12 surface area',NULL,NULL,NULL,5,'https://www.seriouslyfish.com/wp-content/uploads/2013/09/Hyphessobrycon-eques-PM-1.jpg','https://www.seriouslyfish.com/species/hyphessobrycon-eques/'),(110,'Hyphessobrycon Brycon','Ember Tetra','20 mm','18 x 12 surface area',NULL,NULL,NULL,5,'https://www.seriouslyfish.com/wp-content/uploads/2013/09/Hyphessobrycon-amandae-PM-1.jpg','https://www.seriouslyfish.com/species/hyphessobrycon-amandae/'),(111,'Hyphessobrycon Brycon','Colombian Tetra','65 mm','35 x 12 surface area',NULL,NULL,NULL,6,'https://www.seriouslyfish.com/wp-content/uploads/2012/03/Hyphessobrycon-columbianus.jpg','https://www.seriouslyfish.com/species/hyphessobrycon-columbianus/'),(112,'Myletes maculatus maculatus','Spotted Metynnis','148 mm','96 gallons','20–28°C','5.0–7.5','18–215ppm',5,'','https://www.seriouslyfish.com/species/metynnis-maculatus/'),(113,'Myletes lippincottianus Metynnis goeldii','',NULL,NULL,'73–81°F(23–27°C)','6.0–7.0','Upto10°',5,'https://www.seriouslyfish.com/wp-content/uploads/2012/03/Metynnis-lippincottianus-2.jpg','https://www.seriouslyfish.com/species/metynnis-lippincottianus/'),(114,'Laemolyta taeniata','Striped Headstander','288 mm','47 x 24 surface area',NULL,NULL,NULL,5,'https://www.seriouslyfish.com/wp-content/uploads/2012/03/Laemolyta-taeniata.jpg','https://www.seriouslyfish.com/species/laemolyta-taeniata/'),(115,'Chilodus punctatus','Spotted Headstander','80 mm','35 x 12 surface area',NULL,NULL,NULL,5,'https://www.seriouslyfish.com/wp-content/uploads/2013/02/Chilodus-punctatus-Leandro-sousa.jpg','https://www.seriouslyfish.com/species/chilodus-punctatus/'),(116,'Anostomus anostomus','Striped Anostomus','200 mm','47 x 12 surface area','20–28°C','5.5–7.5','18–322ppm',5,'https://www.seriouslyfish.com/wp-content/uploads/2013/02/Anostomus-anostomus.jpg','https://www.seriouslyfish.com/species/anostomus-anostomus/'),(117,'Leporinus fasciatus','Banded Leporinus','270 mm','83 x 24 surface area',NULL,NULL,NULL,5,'https://www.seriouslyfish.com/wp-content/uploads/2013/03/Leporinusfasciatus.jpg','https://www.seriouslyfish.com/species/leporinus-fasciatus/'),(118,'Anostomus ternetzi','Ternetz\'s Anostomus','125 mm','47 x 12 surface area','20–28°C','5.5–7.5','18–268ppm',5,'https://www.seriouslyfish.com/wp-content/uploads/2013/06/Anostomus-ternetzi-Venezuela-ER.png','https://www.seriouslyfish.com/species/anostomus-ternetzi/'),(119,'Abramites hypselonotus','Marbled Headstander','140 mm','47 x 12 surface area','20–30°C','5.5–7.5','18–268ppm',5,'https://www.seriouslyfish.com/wp-content/uploads/2012/03/Abramiteshyselonotus.jpg','https://www.seriouslyfish.com/species/abramites-hypselonotus/'),(120,'Ladigesia roloffi','Jelly Bean Tetra','31 mm','24 x 12 surface area',NULL,NULL,NULL,4,'https://www.seriouslyfish.com/wp-content/uploads/2013/03/Ladigesia-roloffi-UM.jpg','https://www.seriouslyfish.com/species/ladigesia-roloffi/'),(121,'Brycinus longipinnis','Long-finned Tetra',NULL,NULL,'71-79°F(22-26°C)if(yof__z_fd_osiion!=\'ndfind\'','6.0-7.5','5-19°',4,'https://www.seriouslyfish.com/wp-content/uploads/2012/03/brycinus_longipinnis_male_2.jpg','https://www.seriouslyfish.com/species/brycinus-longipinnis/'),(122,'Arnoldichthys spilopterus','African Red-eyed Tetra','100 mm','47 x 12 surface area','\n24–27°Cif(yof__z_fd_osiion!=\'ndfind\'){__z_fd','6.0–7.5','18–268ppm',4,'https://www.seriouslyfish.com/wp-content/uploads/2012/04/Arnoldichthys-spilopterus1.jpg','https://www.seriouslyfish.com/species/arnoldichthys-spilopterus/'),(123,'Alestopetersius caudalis','Yellow-tailed Congo Tetra','60 mm','47 x 12 surface area','22–26°C','5.0–7.5','36–268ppm',4,'https://www.seriouslyfish.com/wp-content/uploads/2013/03/Alestopetersius_caudalis_7.jpg','https://www.seriouslyfish.com/species/alestopetersius-caudalis/'),(124,'Paracheirodon axelrodi','Cardinal Tetra','35 mm','24 x 12 surface area',NULL,NULL,NULL,5,'https://www.seriouslyfish.com/wp-content/uploads/2013/04/Paracheirodon-axelrodi-PM-1.jpg','https://www.seriouslyfish.com/species/paracheirodon-axelrodi/'),(125,'Paracheirodon innesi','Neon Tetra','30 mm','24 x 12 surface area',NULL,NULL,NULL,5,'https://www.seriouslyfish.com/wp-content/uploads/2013/04/Paracheirodon-innesi-2.jpg','https://www.seriouslyfish.com/species/paracheirodon-innesi/'),(126,'Serrasalmo brandtii Serrasalmus','White Piranha','250 mm','1427 gallons',NULL,NULL,NULL,5,'https://www.seriouslyfish.com/wp-content/uploads/2015/10/Serrasalmus-brandtii-Tiago-C.-Pessali.jpg','https://www.seriouslyfish.com/species/serrasalmus-brandtii/'),(127,'Serrasalmus piraya Serrasalmo piranha','Piraya','350 mm',NULL,NULL,NULL,NULL,5,'https://www.seriouslyfish.com/wp-content/uploads/2015/09/Pygocentrus-piraya-1-JW.jpg','https://www.seriouslyfish.com/species/pygocentrus-piraya/'),(128,'Pygocentrus altus Serrasalmo ternetzi','Red Bellied Piranha','350 mm',NULL,NULL,NULL,NULL,5,'https://www.seriouslyfish.com/wp-content/uploads/2015/09/Pygocentrus-nattereri.jpg','https://www.seriouslyfish.com/species/pygocentrus-nattereri/'),(129,'Serrasalmus serra','Goulding\'s Piranha','280 mm','143 gallons','24–28°C','4.0–7.0','18–179ppm',5,'https://www.seriouslyfish.com/wp-content/uploads/2015/09/Serrasalmus-gouldingi-Flávio-Lima-2.jpg','https://www.seriouslyfish.com/species/serrasalmus-gouldingi/'),(130,'Barilius malabaricus','',NULL,'59 x 24 surface area','18–26°C','6.0–7.5','36–179ppm',2,'https://www.seriouslyfish.com/wp-content/uploads/2015/09/Barilius-malabaricus-TS.jpg','https://www.seriouslyfish.com/species/barilius-malabaricus/'),(131,'Barilius ardens','','105 mm','59 x 24 surface area','18–26°C','6.0–7.5','36–179ppm',2,'https://www.seriouslyfish.com/wp-content/uploads/2015/09/Barilius-ardens-TS.jpg','https://www.seriouslyfish.com/species/barilius-ardens/'),(132,'Puntigrus pulcher','','27.4 mm','31 x 12 surface area',NULL,NULL,'18–179ppm',2,'https://www.seriouslyfish.com/wp-content/uploads/2015/10/Puntigrus-cf-pulcher-FS.jpg','https://www.seriouslyfish.com/species/puntigrus-pulcher/'),(133,'Puntigrus navjotsodhii','','48 mm',NULL,NULL,NULL,NULL,2,'https://www.seriouslyfish.com/wp-content/uploads/2015/08/Systomus-navjotsodhii-HHT.jpg','https://www.seriouslyfish.com/species/puntigrus-navjotsodhii/'),(134,'Puntius kamalika','Kami\'s Barb','75 mm','47 x 12 surface area',NULL,NULL,NULL,2,'https://www.seriouslyfish.com/wp-content/uploads/2015/01/Puntius-kamalika-HS.jpg','https://www.seriouslyfish.com/species/puntius-kamalika/'),(135,'Nematabramis steindachnerii','','112 mm',NULL,NULL,NULL,NULL,2,'https://www.seriouslyfish.com/wp-content/uploads/2014/11/Nematabramis-steindachneri-ML.jpg','https://www.seriouslyfish.com/species/nematabramis-steindachnerii/'),(136,'Nematabramis  everetti','','105 mm',NULL,NULL,NULL,NULL,2,'https://www.seriouslyfish.com/wp-content/uploads/2014/11/Nematabramis-everetti-northern-Sarawak.jpg','https://www.seriouslyfish.com/species/nematabramis-everetti/'),(137,'Nematabramis borneensis','','105 mm',NULL,NULL,NULL,NULL,2,'https://www.seriouslyfish.com/wp-content/uploads/2014/11/Nematabramis-borneensis-ME.jpg','https://www.seriouslyfish.com/species/nematabramis-borneensis/'),(138,'Nematabramis alestes','','105 mm',NULL,NULL,NULL,NULL,2,'https://www.seriouslyfish.com/wp-content/uploads/2014/11/Nematabramis-alestes.jpg','https://www.seriouslyfish.com/species/nematabramis-alestes/'),(139,'Mystacoleucus lepturus','','95 mm',NULL,NULL,NULL,NULL,2,'https://www.seriouslyfish.com/wp-content/uploads/2014/11/Mystacoleucus-lepturus-2.jpg','https://www.seriouslyfish.com/species/mystacoleucus-lepturus/'),(140,'Mystacoleucus ectypus','','80 mm',NULL,NULL,NULL,NULL,2,'https://www.seriouslyfish.com/wp-content/uploads/2014/11/Mystacoleucus-ectypus-NP.jpg','https://www.seriouslyfish.com/species/mystacoleucus-ectypus/'),(141,'Mystacoleucus chilopterus','','91 mm',NULL,NULL,NULL,NULL,2,'https://www.seriouslyfish.com/wp-content/uploads/2012/03/Mystacoleucus-greenwayi.jpg','https://www.seriouslyfish.com/species/mystacoleucus-chilopterus/'),(142,'Mystacoleucus atridorsalis','','80 mm',NULL,NULL,NULL,NULL,2,'https://www.seriouslyfish.com/wp-content/uploads/2014/11/Mystacoleucus-atridorsalis-Kratie-Cambodia.jpg','https://www.seriouslyfish.com/species/mystacoleucus-atridorsalis/'),(143,'Metzia lineata','','100 mm',NULL,NULL,NULL,NULL,2,'https://www.seriouslyfish.com/wp-content/uploads/2014/11/Metzia-lineata-Tai-Lam-Chung-Reservoir-New-Territories-Hong-Kon','https://www.seriouslyfish.com/species/metzia-lineata/'),(144,'Metzia formosae','','75 mm',NULL,NULL,NULL,NULL,2,'https://www.seriouslyfish.com/wp-content/uploads/2014/11/Metzia-formosae-Yung-Ching-Chang.jpg','https://www.seriouslyfish.com/species/metzia-formosae/'),(145,'Metzia bounthobi','','61 mm',NULL,NULL,NULL,NULL,2,'https://www.seriouslyfish.com/wp-content/uploads/2014/11/Metzia-bounthobi.jpg','https://www.seriouslyfish.com/species/metzia-bounthobi/'),(146,'Mekongina erythrospila','','450 mm',NULL,'20–26°C','6.0–8.0',NULL,2,'https://www.seriouslyfish.com/wp-content/uploads/2014/11/mekongina_erythrospila2.jpg','https://www.seriouslyfish.com/species/mekongina-erythrospila/'),(147,'Macrochirichthys macrochirus','Giant Sword Minnow','800 mm',NULL,'20–26°C','6.0–8.0',NULL,2,'https://www.seriouslyfish.com/wp-content/uploads/2014/11/Macrochirichthys-macrochirus-HJC.jpg','https://www.seriouslyfish.com/species/macrochirichthys-macrochirus/'),(148,'Luciosoma setigerum','Apollo Shark','220 mm','94 x 24 surface area','20–26°C','6.0–8.0',NULL,2,'https://www.seriouslyfish.com/wp-content/uploads/2014/11/Luciosoma-bleekeri-Nonn.jpg','https://www.seriouslyfish.com/species/luciosoma-setigerum/'),(149,'Luciosoma pellegrinii','','170 mm',NULL,NULL,NULL,NULL,2,'https://www.seriouslyfish.com/wp-content/uploads/2014/11/Luciosoma-pellegrini-Segama-river-Sabah.jpg','https://www.seriouslyfish.com/species/luciosoma-pellegrinii/'),(150,'Luciosoma bleekeri','','210 mm','94 x 24 surface area','20–26°C','6.0–8.0',NULL,2,'https://www.seriouslyfish.com/wp-content/uploads/2014/11/Luciosoma-bleekeri-Chombork-praing-V-Peapro-C.-Peam-Ror-Prey-Ve','https://www.seriouslyfish.com/species/luciosoma-bleekeri/'),(151,'Lobocheilos rhabdoura','','220 mm','71 x 24 surface area',NULL,NULL,NULL,2,'https://www.seriouslyfish.com/wp-content/uploads/2014/11/lobocheilus_12.jpg','https://www.seriouslyfish.com/species/lobocheilos-rhabdoura/'),(152,'Lobocheilos melanotaenia','','200 mm','71 x 24 surface area',NULL,NULL,NULL,2,'https://www.seriouslyfish.com/wp-content/uploads/2014/11/lobocheilus_melanotaenia_12.jpg','https://www.seriouslyfish.com/species/lobocheilos-melanotaenia/'),(153,'Leptobarbus hoevenii','Mad Barb','1000 mm',NULL,NULL,NULL,NULL,2,'https://www.seriouslyfish.com/wp-content/uploads/2014/11/Leptobarbus-hoevenii.jpg','https://www.seriouslyfish.com/species/leptobarbus-hoevenii/'),(154,'Gymnostomus siamensis','Siamese Mud Carp',NULL,NULL,NULL,NULL,NULL,2,'https://www.seriouslyfish.com/wp-content/uploads/2014/10/Gymnostomus-siamensis-NP.jpg','https://www.seriouslyfish.com/species/gymnostomus-siamensis/'),(155,'Gymnostomus ornatapinnis','','100 mm',NULL,NULL,NULL,NULL,2,'https://www.seriouslyfish.com/wp-content/uploads/2014/10/Gymnostomus-ornatapinnis-NP.jpg','https://www.seriouslyfish.com/species/gymnostomus-ornatapinnis/'),(156,'Gymnostomus lobatus','','150 mm',NULL,NULL,NULL,NULL,2,'https://www.seriouslyfish.com/wp-content/uploads/2014/10/Gymnostomus-lobatus-NP.jpg','https://www.seriouslyfish.com/species/gymnostomus-lobatus/'),(157,'Gymnostomus lineatus','','150 mm',NULL,NULL,NULL,NULL,2,'https://www.seriouslyfish.com/wp-content/uploads/2014/10/Gymnostomus-lineatus-NP.jpg','https://www.seriouslyfish.com/species/gymnostomus-lineatus/'),(158,'micracanthus Amblyrhynchichthys','','200 mm',NULL,NULL,NULL,NULL,2,'https://www.seriouslyfish.com/wp-content/uploads/2014/10/amblyrhynchichthys_micracanthus.jpg','https://www.seriouslyfish.com/species/amblyrhynchichthys-micracanthus/'),(159,'Laubuka siamensis','','60 mm','47 x 12 surface area',NULL,NULL,NULL,2,'https://www.seriouslyfish.com/wp-content/uploads/2014/10/Laubuka-siamensis-NP.jpg','https://www.seriouslyfish.com/species/laubuka-siamensis/'),(160,'Laubuka laubuca','Indian Glass Barb','60 mm','47 x 12 surface area',NULL,NULL,NULL,2,'https://www.seriouslyfish.com/wp-content/uploads/2014/10/Laubuca-sp..jpg','https://www.seriouslyfish.com/species/laubuka-laubuca/'),(161,'Laubuka fasciata','Malabar Hatchet Chela','50 mm','47 x 12 surface area',NULL,NULL,NULL,2,'https://www.seriouslyfish.com/wp-content/uploads/2014/10/Laubuca-fasciata-beta.jpg','https://www.seriouslyfish.com/species/laubuka-fasciata/'),(162,'Laubuca dadiburjori Chela dadiburjori','Dadio','30 mm','35 x 12 surface area',NULL,NULL,NULL,2,'https://www.seriouslyfish.com/wp-content/uploads/2014/10/Laubuka-dadiburjori-HW-2.jpg','https://www.seriouslyfish.com/species/laubuka-dadiburjori/'),(163,'Laubuka caeruleostigmata','Flying Minnow','70 mm','47 x 12 surface area',NULL,NULL,NULL,2,'https://www.seriouslyfish.com/wp-content/uploads/2014/10/Laubuka-sp-2.jpg','https://www.seriouslyfish.com/species/laubuka-caeruleostigmata/'),(164,'Labiobarbus siamensis','','200 mm',NULL,NULL,NULL,NULL,2,'https://www.seriouslyfish.com/wp-content/uploads/2014/10/labiobarbus_siamensis4_01.jpg','https://www.seriouslyfish.com/species/labiobarbus-siamensis/'),(165,'Labiobarbus leptocheilus','','260 mm','94 x 24 surface area',NULL,NULL,NULL,2,'https://www.seriouslyfish.com/wp-content/uploads/2014/10/labiobarbus_lineatus_11.jpg','https://www.seriouslyfish.com/species/labiobarbus-leptocheilus/'),(166,'Labiobarbus fasciatus','','200 mm',NULL,NULL,NULL,NULL,2,'https://www.seriouslyfish.com/wp-content/uploads/2014/10/Labiobarbus-fasciatus-180-mm-SL-standard-length.-From-Kawan-Bat','https://www.seriouslyfish.com/species/labiobarbus-fasciatus/'),(167,'Gymnostomus ariza','','300 mm',NULL,NULL,NULL,NULL,2,'https://www.seriouslyfish.com/wp-content/uploads/2014/10/Bangana-ariza-1.jpg','https://www.seriouslyfish.com/species/gymnostomnus-ariza/'),(168,'Bangana devdevi','','250 mm',NULL,NULL,NULL,NULL,4,'https://www.seriouslyfish.com/wp-content/uploads/2014/10/bangana_devdevi11.jpg','https://www.seriouslyfish.com/species/bangana-devdevi/'),(169,'Labeo pierrei','','800 mm',NULL,NULL,NULL,NULL,2,'https://www.seriouslyfish.com/wp-content/uploads/2014/10/labeo_pierrei1.jpg','https://www.seriouslyfish.com/species/labeo-pierrei/'),(170,'Labeo chrysophekadion','Black Shark',NULL,NULL,'20–26°C','6.0–8.0','36–268ppm',2,'https://www.seriouslyfish.com/wp-content/uploads/2014/10/morulius_chrysophekadian_11.jpg','https://www.seriouslyfish.com/species/labeo-chrysophekadion/'),(171,'Labeo calbasu','Orangefin Labeo','800 mm',NULL,NULL,NULL,NULL,2,'https://www.seriouslyfish.com/wp-content/uploads/2014/10/Labeo-calbasu-NM.jpg','https://www.seriouslyfish.com/species/labeo-calbasu/'),(172,'Labeo boga','Violet Shark','250 mm','94 x 24 surface area','18–24°C','6.0–8.0','36–268ppm',2,'https://www.seriouslyfish.com/wp-content/uploads/2014/10/Labeo-boga.jpg','https://www.seriouslyfish.com/species/labeo-boga/'),(173,'Labeo angra','','200 mm',NULL,NULL,NULL,NULL,2,'https://www.seriouslyfish.com/wp-content/uploads/2014/10/Labeo-angra-Beta-2.jpg','https://www.seriouslyfish.com/species/labeo-angra/'),(174,'behri Incisilabeo','','550 mm',NULL,NULL,NULL,NULL,2,'https://www.seriouslyfish.com/wp-content/uploads/2014/10/bagana_behri2.jpg','https://www.seriouslyfish.com/species/incisilabeo-behri/'),(175,'Hypsibarbus wetmorei','','250 mm','94 x 24 surface area','20–26°C','6.0–8','0–0ppm',2,'https://www.seriouslyfish.com/wp-content/uploads/2014/10/Hypsibarbus-wetmorei-HH-1.jpg','https://www.seriouslyfish.com/species/hypsibarbus-wetmorei/'),(176,'Hypsibarbus vernayi','','216 mm','94 x 24 surface area','20–26°C','6.0–8.0','36–268ppm',2,'https://www.seriouslyfish.com/wp-content/uploads/2014/10/hypsibarbus_wetmorei_0.jpg','https://www.seriouslyfish.com/species/hypsibarbus-vernayi/'),(177,'Hypsibarbus salweenensis','','300 mm',NULL,NULL,NULL,NULL,2,'https://www.seriouslyfish.com/wp-content/uploads/2014/10/hypsibabus_salweenensis1.jpg','https://www.seriouslyfish.com/species/hypsibarbus-salweenensis/'),(178,'Hypsibarbus pierrei','Yellow Eyed Silver Barb','300 mm',NULL,NULL,NULL,NULL,2,'https://www.seriouslyfish.com/wp-content/uploads/2014/10/Hypsibarbus-pierrei-Leipzig-Zoological-Garden-Leipzig-Germany.j','https://www.seriouslyfish.com/species/hypsibarbus-pierrei/'),(179,'Hypsibarbus malcolmi','Goldfin Tinfoil Barb','500 mm',NULL,'20–26°C','6.0–8.0','36–268ppm',2,'https://www.seriouslyfish.com/wp-content/uploads/2014/10/hypsibarbus_malcomi1.jpg','https://www.seriouslyfish.com/species/hypsibarbus-malcolmi/'),(180,'Hypsibarbus lagleri','',NULL,'94 x 24 surface area','20–26°C','6.0–8.0','36–268ppm',2,'https://www.seriouslyfish.com/wp-content/uploads/2014/10/hypsibarbus_lagleri1.jpg','https://www.seriouslyfish.com/species/hypsibarbus-lagleri/'),(181,'Hemibarbus mylodon','',NULL,NULL,NULL,NULL,NULL,NULL,'https://www.seriouslyfish.com/wp-content/uploads/2014/10/Hemibarbus-mylodon-ZH.jpg','https://www.seriouslyfish.com/species/hemibarbus-mylodon/'),(182,'Hemibarbus longirostris','','250 mm',NULL,NULL,NULL,NULL,2,'https://www.seriouslyfish.com/wp-content/uploads/2014/10/Hemibarbus-longirostris1.jpg','https://www.seriouslyfish.com/species/hemibarbus-longirostris/'),(183,'Hemibarbus labeo','Barbel Steed','450 mm',NULL,NULL,NULL,NULL,2,'https://www.seriouslyfish.com/wp-content/uploads/2014/10/Hemibarbus-labeo-dg.jpg','https://www.seriouslyfish.com/species/hemibarbus-labeo/'),(184,'Hemibarbus maculatus','Spotted Steed','400 mm',NULL,NULL,NULL,NULL,2,'https://www.seriouslyfish.com/wp-content/uploads/2014/10/Hemibarbus-maculatus-Ffishasia.jpg','https://www.seriouslyfish.com/species/hemibarbus-maculatus/'),(185,'Hampala sabana','','410 mm',NULL,NULL,NULL,NULL,2,'https://www.seriouslyfish.com/wp-content/uploads/2014/10/Hampala-sabana-upper-SEgama-Sabah.jpg','https://www.seriouslyfish.com/species/hampala-sabana/'),(186,'Hampala bimaculata','','500 mm',NULL,NULL,NULL,NULL,2,'https://www.seriouslyfish.com/wp-content/uploads/2014/10/Hampala-bimaculata-1.jpg','https://www.seriouslyfish.com/species/hampala-bimaculata/'),(187,'Garra theunensis','','300 mm',NULL,NULL,NULL,NULL,2,'https://www.seriouslyfish.com/wp-content/uploads/2014/10/garra_theunensis1.jpg','https://www.seriouslyfish.com/species/garra-theunensis/'),(188,'Garra arupi','','75 mm',NULL,NULL,NULL,NULL,2,'https://www.seriouslyfish.com/wp-content/uploads/2014/10/Garra-arupi-1.jpg','https://www.seriouslyfish.com/species/garra-arupi/'),(189,'Garra surendranathanii','','150 mm',NULL,NULL,NULL,NULL,2,'https://www.seriouslyfish.com/wp-content/uploads/2014/10/Garra-surendranathi-NM-1.jpg','https://www.seriouslyfish.com/species/garra-surendranathanii/'),(190,'Garra salweenica','','175 mm',NULL,NULL,NULL,NULL,2,'https://www.seriouslyfish.com/wp-content/uploads/2014/10/Garra-salweenica-ER.jpg','https://www.seriouslyfish.com/species/garra-salweenica/'),(191,'Garra rakhinica','','60 mm',NULL,NULL,NULL,NULL,NULL,'https://www.seriouslyfish.com/wp-content/uploads/2014/10/Garra_sp-Myanmar-flavatra-contaminant-rakhine.jpg','https://www.seriouslyfish.com/species/garra-rakhinica/'),(192,'Garra poecilura','','44.5 mm',NULL,NULL,NULL,NULL,NULL,'https://www.seriouslyfish.com/wp-content/uploads/2014/10/Garra-poecilura.jpg','https://www.seriouslyfish.com/species/garra-poecilura/'),(193,'Garra rufa','Doctor Fish','120 mm','47 x 18 surface area',NULL,NULL,NULL,2,'https://www.seriouslyfish.com/wp-content/uploads/2014/10/Garra-rufa-ER.jpg','https://www.seriouslyfish.com/species/garra-rufa/'),(194,'Garra  qiaojiensis','','175 mm',NULL,NULL,NULL,NULL,2,'https://www.seriouslyfish.com/wp-content/uploads/2014/10/Garra-qiaojiensis.jpg','https://www.seriouslyfish.com/species/garra-qiaojiensis/'),(195,'Garra orientalis','','120 mm',NULL,NULL,NULL,NULL,2,'https://www.seriouslyfish.com/wp-content/uploads/2014/10/Garra-orientalis-CAFS.jpg','https://www.seriouslyfish.com/species/garra-orientalis/'),(196,'Garra notata','','120 mm',NULL,NULL,NULL,NULL,2,'https://www.seriouslyfish.com/wp-content/uploads/2014/10/Garra-sp-Kasa.jpg','https://www.seriouslyfish.com/species/garra-notata/'),(197,'Garra nambulica','','65 mm',NULL,NULL,NULL,NULL,2,'https://www.seriouslyfish.com/wp-content/uploads/2014/10/Garra-nambulica-1.jpg','https://www.seriouslyfish.com/species/garra-nambulica/'),(198,'Garra mullya','','170 mm',NULL,NULL,NULL,NULL,2,'https://www.seriouslyfish.com/wp-content/uploads/2014/10/Garra-mullya-RR.jpg','https://www.seriouslyfish.com/species/garra-mullya/'),(199,'Garra mirofrontis','','85 mm',NULL,NULL,NULL,NULL,2,'https://www.seriouslyfish.com/wp-content/uploads/2014/10/Garra-mirofrontis-lateral-view-life-coloration-Beiqiaohe-River-','https://www.seriouslyfish.com/species/garra-mirofrontis/'),(200,'Garra kalpangi','','75 mm',NULL,NULL,NULL,NULL,2,'https://www.seriouslyfish.com/wp-content/uploads/2014/10/Garra-kalpangi-2012.jpg','https://www.seriouslyfish.com/species/garra-kalpangi/'),(201,'Garra hughi','Cardamom Garra','155 mm',NULL,NULL,NULL,NULL,2,'https://www.seriouslyfish.com/wp-content/uploads/2014/10/Garra-hughi-Kallada-river.jpg','https://www.seriouslyfish.com/species/garra-hughi/'),(202,'Garra imberba','','120 mm',NULL,NULL,NULL,NULL,2,'https://www.seriouslyfish.com/wp-content/uploads/2014/10/Garra-imberba-ME.jpg','https://www.seriouslyfish.com/species/garra-imberba/'),(203,'Garra rotundinasus','','185 mm',NULL,NULL,NULL,NULL,2,'https://www.seriouslyfish.com/wp-content/uploads/2014/10/Garra-gravelyi-1.jpg','https://www.seriouslyfish.com/species/garra-rotundinasus/'),(204,'Garra fuliginosa','','150 mm',NULL,NULL,NULL,NULL,2,'https://www.seriouslyfish.com/wp-content/uploads/2014/10/Garra-fuliginosa-in-nature-Klong-lan-waterfall-Kamphangphet-pro','https://www.seriouslyfish.com/species/garra-fuliginosa/'),(205,'Garra fasciacauda','','110 mm','47 x 18 surface area',NULL,NULL,NULL,2,'https://www.seriouslyfish.com/wp-content/uploads/2014/10/garra_fasciacauda_02.jpg','https://www.seriouslyfish.com/species/garra-fasciacauda/'),(206,'dampaensis Garra','','55 mm',NULL,NULL,NULL,NULL,2,'https://www.seriouslyfish.com/wp-content/uploads/2014/10/Garra-dampaensis-1.jpg','https://www.seriouslyfish.com/species/garra-dampaensis/'),(207,'Garra borneensis','','115 mm',NULL,NULL,NULL,NULL,2,'https://www.seriouslyfish.com/wp-content/uploads/2014/10/Garra-borneensis.jpg','https://www.seriouslyfish.com/species/garra-borneensis/'),(208,'Garra bispinosa','','130 mm',NULL,NULL,NULL,NULL,2,'https://www.seriouslyfish.com/wp-content/uploads/2014/10/Garra_orientalis.jpg','https://www.seriouslyfish.com/species/garra-bispinosa/'),(209,'Folifer brevifilis','','300 mm','94 x 24 surface area',NULL,NULL,NULL,2,'https://www.seriouslyfish.com/wp-content/uploads/2014/10/folifer_brevifilis2.jpg','https://www.seriouslyfish.com/species/folifer-brevifilis/'),(210,'Esomus danrica','Flying Barb','70 mm','47 x 12 surface area',NULL,NULL,NULL,2,'https://www.seriouslyfish.com/wp-content/uploads/2014/10/Esomus_danricus.jpg','https://www.seriouslyfish.com/species/esomus-danrica/'),(211,'Esomus caudiocellatus','','40 mm','47 x 12 surface area',NULL,NULL,NULL,2,'https://www.seriouslyfish.com/wp-content/uploads/2014/10/Esomus-sp..jpg','https://www.seriouslyfish.com/species/esomus-caudiocellatus/'),(212,'Esomus longimanus','Mekong Flying Barb','80 mm','47 x 12 surface area',NULL,NULL,NULL,2,'https://www.seriouslyfish.com/wp-content/uploads/2014/10/Esomus-longimanus-Tonle-sap.jpg','https://www.seriouslyfish.com/species/esomus-longimanus/'),(213,'Elopichthys bambusa','','1000 mm',NULL,NULL,NULL,NULL,2,'https://www.seriouslyfish.com/wp-content/uploads/2014/10/Elopichthys_bambusa.jpg','https://www.seriouslyfish.com/species/elopichthys-bambusa/'),(214,'Danionella translucida','','11 mm','18 x 12 surface area','18–24°C',NULL,'18–143ppm',NULL,'https://www.seriouslyfish.com/wp-content/uploads/2014/10/Danionella.jpg','https://www.seriouslyfish.com/species/danionella-translucida/'),(215,'Danionella priapus','','16.0 mm','18 x 12 surface area','18–24°C',NULL,'18–143ppm',2,'https://www.seriouslyfish.com/wp-content/uploads/2014/10/Danionella-priapus-Beta-2.jpg','https://www.seriouslyfish.com/species/danionella-priapus/'),(216,'Cyclocheilos  enoplos','','750 mm',NULL,NULL,'6.0–8.0',NULL,2,'https://www.seriouslyfish.com/wp-content/uploads/2014/10/Cyclocheilos-enoplos-NP.jpg','https://www.seriouslyfish.com/species/cyclocheilos-enoplos/'),(217,'lagleri Cyclocheilichthys','','200 mm','71 x 24 surface area',NULL,'6.0–8.0',NULL,2,'https://www.seriouslyfish.com/wp-content/uploads/2014/10/Cyclocheilichthys-lagleri-NP.jpg','https://www.seriouslyfish.com/species/cyclocelichthys-lagleri/'),(218,'Cyclocheilichthys armatus','','230 mm','71 x 24 surface area',NULL,'6.0–8.0',NULL,2,'https://www.seriouslyfish.com/wp-content/uploads/2014/10/cyclocheilichthys_armatus11.jpg','https://www.seriouslyfish.com/species/cyclocelichthys-armatus/'),(219,'idella Ctenopharyngodon','Grass Carp','1200 mm',NULL,NULL,NULL,NULL,4,'https://www.seriouslyfish.com/wp-content/uploads/2014/09/Ctenopharyngodon-idella-river-Germany-RL.jpg','https://www.seriouslyfish.com/species/tenopharyngodon-idella/'),(220,'Crossocheilus elegans','','110 mm','59 x 18 surface area',NULL,NULL,NULL,2,'https://www.seriouslyfish.com/wp-content/uploads/2014/09/Crossocheilus-elegans-Tan-Kottelat.jpg','https://www.seriouslyfish.com/species/crossocheilus-elegans/'),(221,'Crossocheilus cobitis','','52 mm','39 x 12 surface area',NULL,NULL,NULL,2,'https://www.seriouslyfish.com/wp-content/uploads/2014/09/Crossocheilus-cobitis-Michael-Lo.jpg','https://www.seriouslyfish.com/species/crossocheilus-cobitis/'),(222,'Crossocheilus burmanicus','','120 mm','59 x 18 surface area',NULL,NULL,NULL,2,'https://www.seriouslyfish.com/wp-content/uploads/2014/08/crossocheilus_burmanicus32.jpg','https://www.seriouslyfish.com/species/crossocheilus-burmanicus/'),(223,'Chela cachius','Neon Hatchet Fish','50 mm','35 x 12 surface area',NULL,NULL,NULL,2,'https://www.seriouslyfish.com/wp-content/uploads/2014/08/Chela-sp.-Dibru-river-at-Guijan-Tinsukia-dist-Assam-NM.jpg','https://www.seriouslyfish.com/species/chela-cachius/'),(224,'Amblypharyngodon chulabhornae','','40 mm','35 x 12 surface area',NULL,NULL,NULL,2,'https://www.seriouslyfish.com/wp-content/uploads/2014/08/amblypharyngodon_chulabhorn_0.jpg','https://www.seriouslyfish.com/species/amblypharyngodon-chulabhornae/'),(225,'monticola Acrossocheilus','','150 mm',NULL,NULL,NULL,NULL,2,'https://www.seriouslyfish.com/wp-content/uploads/2014/08/Acrossocheilus_monticola.jpg','https://www.seriouslyfish.com/species/acrossocheilus-monticola/'),(226,'parallens Acrossocheilus','','160 mm',NULL,NULL,NULL,NULL,2,'https://www.seriouslyfish.com/wp-content/uploads/2014/08/Acrossocheilus_parallens.jpg','https://www.seriouslyfish.com/species/acrossocheilus-parallens/'),(227,'Acrossocheilus wenchowensis beijiangensis Acrossocheilus','','131 mm',NULL,NULL,NULL,NULL,2,'https://www.seriouslyfish.com/wp-content/uploads/2014/08/Acrossocheilus_beijiangensis.jpg','https://www.seriouslyfish.com/species/acrossocheilus-beijiangensis/'),(228,'paradoxus Acrossocheilus','','200 mm','71 x 18 surface area',NULL,NULL,NULL,2,'https://www.seriouslyfish.com/wp-content/uploads/2014/08/Acrossocheilus-paradoxus-HJC.jpg','https://www.seriouslyfish.com/species/acrossocheilus-paradoxus/'),(229,'Cyclocheilichthys iridescens Barbus barbodon','','300 mm',NULL,NULL,NULL,NULL,2,'https://www.seriouslyfish.com/wp-content/uploads/2014/08/Acrossocheilus_iridescens.jpg','https://www.seriouslyfish.com/species/acrossocheilus-iridescens/'),(230,'Discherodontus halei','','100 mm','47 x 18 surface area',NULL,NULL,NULL,2,'https://www.seriouslyfish.com/wp-content/uploads/2014/08/Discherodontus-halei.jpg','https://www.seriouslyfish.com/species/discherodontus-halei/'),(231,'Acheilognathus signifer','Korean Bitterling','75 mm',NULL,NULL,NULL,NULL,NULL,'https://www.seriouslyfish.com/wp-content/uploads/2014/06/Acheilognathus-signifer.jpg','https://www.seriouslyfish.com/species/acheilognathus-signifer/'),(232,'Acheilognathus macropterus','Giant Chinese Bitterling','275 mm','71 x 24 surface area',NULL,NULL,NULL,2,'https://www.seriouslyfish.com/wp-content/uploads/2014/06/Acheilognathus-macropterus.jpg','https://www.seriouslyfish.com/species/acheilognathus-macropterus/'),(233,'Abbottina rivularis','Chinese False Gudgeon','150 mm','59 x 18 surface area',NULL,NULL,NULL,2,'https://www.seriouslyfish.com/wp-content/uploads/2014/06/Abbottina-rivularis-SS.jpg','https://www.seriouslyfish.com/species/abbottina-rivularis/'),(234,'Pethia aurea','','25 mm','18 x 12 surface area','18–24°C',NULL,NULL,2,'https://www.seriouslyfish.com/wp-content/uploads/2012/06/Puntius-gelius-ZH.jpg','https://www.seriouslyfish.com/species/pethia-aurea/'),(235,'Pethia canius','','30 mm','24 x 12 surface area','18–24°C',NULL,NULL,2,'https://www.seriouslyfish.com/wp-content/uploads/2012/07/Puntius-caninus-gelius.jpg','https://www.seriouslyfish.com/species/pethia-canius/');
/*!40000 ALTER TABLE `Fish` ENABLE KEYS */;
UNLOCK TABLES;

--
-- Table structure for table `fishCountries`
--

DROP TABLE IF EXISTS `fishCountries`;
/*!40101 SET @saved_cs_client     = @@character_set_client */;
/*!50503 SET character_set_client = utf8mb4 */;
CREATE TABLE `fishCountries` (
  `fishID` int NOT NULL,
  `countryID` int NOT NULL,
  PRIMARY KEY (`fishID`,`countryID`),
  KEY `countryID_idx` (`countryID`),
  CONSTRAINT `countryID` FOREIGN KEY (`countryID`) REFERENCES `countries` (`countryID`),
  CONSTRAINT `fishID` FOREIGN KEY (`fishID`) REFERENCES `Fish` (`fishID`)
) ENGINE=InnoDB DEFAULT CHARSET=utf8mb4 COLLATE=utf8mb4_0900_ai_ci;
/*!40101 SET character_set_client = @saved_cs_client */;

--
-- Dumping data for table `fishCountries`
--

LOCK TABLES `fishCountries` WRITE;
/*!40000 ALTER TABLE `fishCountries` DISABLE KEYS */;
INSERT INTO `fishCountries` VALUES (219,0),(20,11),(25,11),(121,11),(123,11),(219,14),(219,17),(121,18),(121,19),(219,24),(120,26),(168,30),(219,32),(219,33),(219,34),(26,36),(122,36),(219,36),(26,37),(122,37),(219,37),(219,38),(120,42),(219,44),(219,46),(219,48),(219,50),(219,54),(160,56),(167,56),(171,56),(172,56),(173,56),(210,56),(219,56),(223,56),(219,57),(135,58),(186,58),(207,58),(219,58),(142,60),(146,60),(147,60),(148,60),(150,60),(151,60),(152,60),(154,60),(155,60),(156,60),(157,60),(158,60),(159,60),(160,60),(163,60),(164,60),(165,60),(169,60),(170,60),(174,60),(175,60),(176,60),(178,60),(179,60),(180,60),(204,60),(205,60),(212,60),(216,60),(217,60),(218,60),(219,60),(224,60),(139,61),(141,61),(143,61),(144,61),(147,61),(157,61),(165,61),(169,61),(171,61),(174,61),(176,61),(177,61),(182,61),(183,61),(184,61),(190,61),(194,61),(195,61),(196,61),(199,61),(202,61),(203,61),(208,61),(209,61),(213,61),(219,61),(225,61),(226,61),(227,61),(228,61),(229,61),(232,61),(233,61),(130,63),(131,63),(160,63),(161,63),(162,63),(167,63),(168,63),(171,63),(172,63),(173,63),(188,63),(189,63),(196,63),(197,63),(198,63),(200,63),(201,63),(206,63),(210,63),(215,63),(219,63),(222,63),(223,63),(234,63),(235,63),(132,64),(133,64),(135,64),(136,64),(147,64),(148,64),(149,64),(153,64),(160,64),(165,64),(166,64),(170,64),(186,64),(207,64),(216,64),(219,64),(221,64),(193,65),(219,65),(193,66),(219,66),(193,67),(219,67),(182,68),(183,68),(184,68),(219,68),(232,68),(233,68),(193,69),(219,70),(219,74),(233,74),(139,75),(140,75),(141,75),(142,75),(143,75),(144,75),(145,75),(146,75),(147,75),(148,75),(150,75),(151,75),(152,75),(154,75),(155,75),(156,75),(157,75),(158,75),(159,75),(160,75),(163,75),(164,75),(165,75),(169,75),(170,75),(174,75),(175,75),(176,75),(178,75),(179,75),(180,75),(183,75),(184,75),(187,75),(204,75),(205,75),(209,75),(212,75),(216,75),(218,75),(219,75),(221,75),(224,75),(229,75),(233,75),(135,77),(136,77),(137,77),(147,77),(148,77),(149,77),(151,77),(153,77),(159,77),(160,77),(165,77),(166,77),(170,77),(175,77),(176,77),(179,77),(185,77),(186,77),(207,77),(212,77),(216,77),(218,77),(219,77),(220,77),(221,77),(230,77),(183,79),(184,79),(219,79),(160,80),(171,80),(172,80),(173,80),(210,80),(219,80),(223,80),(167,82),(171,82),(172,82),(173,82),(210,82),(219,82),(223,82),(138,83),(218,83),(219,83),(213,85),(219,87),(224,87),(134,88),(160,88),(210,88),(219,88),(193,89),(139,91),(140,91),(141,91),(142,91),(146,91),(147,91),(148,91),(150,91),(151,91),(152,91),(154,91),(155,91),(156,91),(157,91),(158,91),(159,91),(160,91),(163,91),(164,91),(165,91),(168,91),(169,91),(170,91),(174,91),(175,91),(176,91),(177,91),(178,91),(179,91),(180,91),(187,91),(190,91),(196,91),(204,91),(205,91),(209,91),(211,91),(212,91),(216,91),(217,91),(218,91),(219,91),(221,91),(222,91),(224,91),(230,91),(233,91),(193,92),(219,92),(219,93),(233,93),(219,94),(139,96),(143,96),(144,96),(146,96),(147,96),(148,96),(150,96),(151,96),(152,96),(154,96),(155,96),(158,96),(159,96),(160,96),(165,96),(168,96),(169,96),(170,96),(174,96),(176,96),(178,96),(184,96),(195,96),(202,96),(204,96),(205,96),(209,96),(212,96),(213,96),(216,96),(218,96),(219,96),(221,96),(224,96),(229,96),(232,96),(219,98),(219,100),(219,102),(219,103),(219,104),(219,107),(219,108),(219,109),(219,110),(219,112),(45,115),(49,115),(219,117),(219,120),(219,121),(219,127),(219,129),(219,130),(219,134),(219,136),(219,137),(219,138),(219,140),(219,142),(219,143),(3,148),(219,149),(219,151),(3,156),(81,156),(219,158),(219,159),(3,160),(81,160),(219,160),(82,162),(111,162),(219,162),(40,166),(59,166),(82,166),(219,169),(219,174),(12,182),(17,182),(21,182),(56,182),(57,182),(62,182),(66,182),(82,182),(84,182),(85,182),(90,182),(109,182),(119,182),(128,182),(219,182),(2,183),(5,183),(13,183),(40,183),(56,183),(59,183),(62,183),(63,183),(65,183),(73,183),(83,183),(99,183),(103,183),(109,183),(112,183),(113,183),(114,183),(117,183),(119,183),(128,183),(219,183),(0,184),(4,184),(5,184),(6,184),(7,184),(8,184),(10,184),(13,184),(15,184),(16,184),(17,184),(18,184),(19,184),(21,184),(22,184),(23,184),(24,184),(27,184),(28,184),(29,184),(30,184),(33,184),(35,184),(36,184),(37,184),(38,184),(39,184),(40,184),(41,184),(42,184),(44,184),(46,184),(48,184),(49,184),(51,184),(52,184),(53,184),(54,184),(55,184),(56,184),(57,184),(59,184),(60,184),(61,184),(62,184),(63,184),(64,184),(65,184),(66,184),(69,184),(70,184),(72,184),(73,184),(75,184),(76,184),(77,184),(78,184),(82,184),(83,184),(84,184),(85,184),(86,184),(87,184),(89,184),(90,184),(91,184),(93,184),(94,184),(97,184),(99,184),(100,184),(102,184),(103,184),(104,184),(105,184),(106,184),(107,184),(108,184),(109,184),(110,184),(112,184),(113,184),(114,184),(115,184),(116,184),(117,184),(118,184),(119,184),(124,184),(125,184),(126,184),(127,184),(128,184),(129,184),(219,184),(1,186),(5,186),(14,186),(18,186),(22,186),(23,186),(24,186),(28,186),(31,186),(34,186),(39,186),(42,186),(44,186),(48,186),(51,186),(59,186),(62,186),(63,186),(68,186),(69,186),(73,186),(75,186),(76,186),(82,186),(88,186),(94,186),(95,186),(96,186),(98,186),(100,186),(101,186),(106,186),(111,186),(113,186),(115,186),(118,186),(119,186),(125,186),(128,186),(219,186),(5,187),(22,187),(39,187),(54,187),(55,187),(62,187),(65,187),(75,187),(82,187),(88,187),(115,187),(119,187),(128,187),(5,188),(19,188),(24,188),(27,188),(28,188),(29,188),(34,188),(40,188),(43,188),(47,188),(50,188),(51,188),(54,188),(55,188),(59,188),(60,188),(61,188),(63,188),(66,188),(67,188),(72,188),(73,188),(74,188),(75,188),(76,188),(77,188),(78,188),(82,188),(93,188),(108,188),(112,188),(115,188),(116,188),(117,188),(118,188),(119,188),(128,188),(219,188),(17,189),(21,189),(44,189),(56,189),(57,189),(61,189),(62,189),(66,189),(83,189),(84,189),(85,189),(90,189),(103,189),(109,189),(119,189),(128,189),(2,190),(5,190),(9,190),(13,190),(22,190),(24,190),(27,190),(30,190),(32,190),(34,190),(37,190),(39,190),(40,190),(44,190),(45,190),(51,190),(54,190),(55,190),(58,190),(61,190),(62,190),(63,190),(65,190),(66,190),(69,190),(71,190),(72,190),(73,190),(75,190),(76,190),(79,190),(80,190),(82,190),(88,190),(98,190),(106,190),(109,190),(112,190),(114,190),(115,190),(116,190),(117,190),(119,190),(125,190),(128,190),(219,190),(19,191),(24,191),(40,191),(43,191),(54,191),(55,191),(60,191),(61,191),(63,191),(67,191),(72,191),(75,191),(77,191),(78,191),(82,191),(93,191),(97,191),(100,191),(108,191),(115,191),(117,191),(118,191),(56,192),(57,192),(66,192),(84,192),(90,192),(128,192),(219,192),(1,193),(5,193),(6,193),(7,193),(18,193),(21,193),(22,193),(23,193),(24,193),(27,193),(28,193),(29,193),(34,193),(36,193),(38,193),(42,193),(43,193),(44,193),(48,193),(50,193),(52,193),(54,193),(55,193),(59,193),(61,193),(62,193),(63,193),(66,193),(68,193),(69,193),(72,193),(75,193),(76,193),(77,193),(78,193),(82,193),(93,193),(94,193),(98,193),(101,193),(114,193),(116,193),(117,193),(118,193),(119,193),(124,193),(128,193),(11,194),(19,194),(24,194),(40,194),(43,194),(54,194),(55,194),(60,194),(61,194),(67,194),(72,194),(77,194),(82,194),(92,194),(93,194),(97,194),(109,194),(113,194),(117,194),(118,194);
/*!40000 ALTER TABLE `fishCountries` ENABLE KEYS */;
UNLOCK TABLES;

--
-- Table structure for table `regions`
--

DROP TABLE IF EXISTS `regions`;
/*!40101 SET @saved_cs_client     = @@character_set_client */;
/*!50503 SET character_set_client = utf8mb4 */;
CREATE TABLE `regions` (
  `regionID` int NOT NULL,
  `regionName` varchar(45) DEFAULT NULL,
  PRIMARY KEY (`regionID`)
) ENGINE=InnoDB DEFAULT CHARSET=utf8mb4 COLLATE=utf8mb4_0900_ai_ci;
/*!40101 SET character_set_client = @saved_cs_client */;

--
-- Dumping data for table `regions`
--

LOCK TABLES `regions` WRITE;
/*!40000 ALTER TABLE `regions` DISABLE KEYS */;
INSERT INTO `regions` VALUES (1,'Oceania'),(2,'Asia'),(3,'Europe'),(4,'Africa'),(5,'South America'),(6,'North America');
/*!40000 ALTER TABLE `regions` ENABLE KEYS */;
UNLOCK TABLES;
/*!40103 SET TIME_ZONE=@OLD_TIME_ZONE */;

/*!40101 SET SQL_MODE=@OLD_SQL_MODE */;
/*!40014 SET FOREIGN_KEY_CHECKS=@OLD_FOREIGN_KEY_CHECKS */;
/*!40014 SET UNIQUE_CHECKS=@OLD_UNIQUE_CHECKS */;
/*!40101 SET CHARACTER_SET_CLIENT=@OLD_CHARACTER_SET_CLIENT */;
/*!40101 SET CHARACTER_SET_RESULTS=@OLD_CHARACTER_SET_RESULTS */;
/*!40101 SET COLLATION_CONNECTION=@OLD_COLLATION_CONNECTION */;
/*!40111 SET SQL_NOTES=@OLD_SQL_NOTES */;

-- Dump completed on 2021-12-12  4:31:16
